id,procedure_id,person_id,licence_id,usraxis_id,fproc,numproc,numfojas
1,3,23,2,10,2023-01-03,66565819,NULL
2,3,24,2,10,2023-01-03,66569573,NULL
3,3,25,3,10,2023-01-03,66566690,NULL
4,3,26,2,10,2023-01-03,66566002,NULL
5,3,27,2,10,2023-01-03,66574669,NULL
6,3,28,2,10,2023-01-03,66566990,NULL
7,3,29,2,10,2023-01-03,66566199,NULL
8,3,30,2,10,2023-01-03,66566431,NULL
9,1,31,5,16,2023-01-03,32626312,NULL
10,1,32,2,16,2023-01-03,64141299,NULL
11,1,33,2,16,2023-01-03,65054841,NULL
12,1,34,3,16,2023-01-03,65190946,NULL
13,1,35,2,16,2023-01-03,65485793,NULL
14,1,36,2,16,2023-01-03,65792837,NULL
15,1,37,2,16,2023-01-03,65841618,NULL
16,1,38,2,16,2023-01-03,65899212,NULL
17,1,39,2,16,2023-01-03,66121990,NULL
18,1,40,2,16,2023-01-03,66232778,NULL
19,1,41,2,8,2023-01-03,59119966,NULL
20,1,42,1,8,2023-01-03,63377004,NULL
21,1,43,1,8,2023-01-03,64129052,NULL
22,1,44,3,8,2023-01-03,64547801,NULL
23,1,45,2,8,2023-01-03,64580004,NULL
24,1,46,3,8,2023-01-03,64758624,NULL
25,1,47,2,8,2023-01-03,64780150,NULL
26,1,48,2,8,2023-01-03,64783627,NULL
27,1,49,3,8,2023-01-03,64830161,NULL
28,1,50,2,8,2023-01-03,65921058,NULL
29,1,51,2,8,2023-01-03,66123262,NULL
30,1,52,2,8,2023-01-03,66189583,NULL
31,1,53,2,3,2023-01-03,64782886,NULL
32,1,54,1,3,2023-01-03,64842127,NULL
33,1,55,3,3,2023-01-03,64853880,NULL
34,1,56,2,3,2023-01-03,65527052,NULL
35,1,57,2,3,2023-01-03,65733220,NULL
36,1,58,2,3,2023-01-03,65847350,NULL
37,1,59,1,3,2023-01-03,65863923,NULL
38,1,60,2,3,2023-01-03,65904224,NULL
39,1,61,5,3,2023-01-03,65914195,NULL
40,1,62,1,3,2023-01-03,66155908,NULL
41,1,63,2,3,2023-01-03,66240395,NULL
42,1,64,2,3,2023-01-03,66562818,NULL
43,1,65,2,1,2023-01-03,37050195,NULL
44,1,66,2,1,2023-01-03,62233807,NULL
45,1,67,2,1,2023-01-03,64416859,NULL
46,1,68,3,1,2023-01-03,64733234,NULL
47,1,69,1,1,2023-01-03,64748445,NULL
48,1,70,2,1,2023-01-03,64749127,NULL
49,1,71,3,1,2023-01-03,64781948,NULL
50,1,72,3,1,2023-01-03,64812374,NULL
51,1,73,1,1,2023-01-03,64857317,NULL
52,1,74,2,1,2023-01-03,65173167,NULL
53,1,75,2,1,2023-01-03,65288283,NULL
54,1,76,2,1,2023-01-03,65444647,NULL
55,1,77,2,1,2023-01-03,65445880,NULL
56,1,78,2,1,2023-01-03,65792402,NULL
57,1,79,5,1,2023-01-03,65857733,NULL
58,1,80,1,1,2023-01-03,65916780,NULL
59,1,81,2,1,2023-01-03,65921356,NULL
60,1,82,1,1,2023-01-03,65926536,NULL
61,1,83,3,1,2023-01-03,65929009,NULL
62,1,84,2,1,2023-01-03,66121705,NULL
63,1,85,2,1,2023-01-03,66156336,NULL
64,1,86,2,1,2023-01-03,66232356,NULL
65,1,87,1,1,2023-01-03,66259019,NULL
66,1,88,2,1,2023-01-03,66262070,NULL
67,1,89,5,2,2023-01-03,62508164,NULL
68,1,90,2,2,2023-01-03,64339697,NULL
69,1,91,5,2,2023-01-03,64477876,NULL
70,1,92,2,2,2023-01-03,64699929,NULL
71,1,93,2,2,2023-01-03,64830451,NULL
72,1,94,3,2,2023-01-03,64838896,NULL
73,1,95,1,2,2023-01-03,64856043,NULL
74,1,96,1,2,2023-01-03,65409510,NULL
75,1,97,2,2,2023-01-03,65448004,NULL
76,1,98,2,2,2023-01-03,65448314,NULL
77,1,99,2,2,2023-01-03,65698089,NULL
78,1,100,5,2,2023-01-03,65755825,NULL
79,1,101,2,2,2023-01-03,65837965,NULL
80,1,102,3,2,2023-01-03,65862346,NULL
81,1,103,2,2,2023-01-03,65867286,NULL
82,1,104,2,2,2023-01-03,65926424,NULL
83,1,105,2,2,2023-01-03,65927524,NULL
84,1,106,2,2,2023-01-03,66118942,NULL
85,1,107,2,2,2023-01-03,66181283,NULL
86,1,108,2,2,2023-01-03,66233251,NULL
87,1,109,2,2,2023-01-03,66246951,NULL
88,1,110,2,2,2023-01-03,66249035,NULL
89,1,111,2,2,2023-01-03,66550758,NULL
90,1,112,4,11,2023-01-03,63780653,NULL
91,1,113,2,11,2023-01-03,64737025,NULL
92,1,114,2,11,2023-01-03,64797628,NULL
93,1,115,2,11,2023-01-03,65264611,NULL
94,1,116,2,11,2023-01-03,65866786,NULL
95,1,117,2,4,2023-01-03,59377945,NULL
96,1,118,2,4,2023-01-03,60251788,NULL
97,1,119,7,4,2023-01-03,64010228,NULL
98,1,120,2,4,2023-01-03,64689927,NULL
99,1,121,2,4,2023-01-03,64828148,NULL
100,1,122,3,4,2023-01-03,65744023,NULL
101,1,123,1,4,2023-01-03,65851538,NULL
102,1,124,2,4,2023-01-03,65906458,NULL
103,1,125,2,4,2023-01-03,65918672,NULL
104,1,126,2,4,2023-01-03,65921547,NULL
105,1,127,2,4,2023-01-03,66044134,NULL
106,1,128,5,4,2023-01-03,66256324,NULL
107,1,129,3,4,2023-01-03,66313457,NULL
108,1,130,2,4,2023-01-03,66449955,NULL
109,2,131,3,16,2023-01-03,54294785,NULL
110,2,132,2,16,2023-01-03,64105688,NULL
111,2,133,2,16,2023-01-03,64720017,NULL
112,2,134,2,16,2023-01-03,64736095,NULL
113,2,135,2,16,2023-01-03,64774288,NULL
114,2,136,2,16,2023-01-03,64854032,NULL
115,2,137,2,16,2023-01-03,64855985,NULL
116,2,138,2,16,2023-01-03,65866147,NULL
117,2,139,2,16,2023-01-03,65927372,NULL
118,2,140,2,16,2023-01-03,66082920,NULL
119,2,141,2,16,2023-01-03,66133862,NULL
120,2,142,2,16,2023-01-03,66192534,NULL
121,2,143,5,16,2023-01-03,66222016,NULL
122,2,144,6,16,2023-01-03,66231685,NULL
123,2,145,2,16,2023-01-03,66236107,NULL
124,2,146,1,16,2023-01-03,66240154,NULL
125,2,147,2,8,2023-01-03,59108656,NULL
126,2,148,2,8,2023-01-03,60192029,NULL
127,2,149,2,8,2023-01-03,61511259,NULL
128,2,150,2,8,2023-01-03,62301759,NULL
129,2,151,2,8,2023-01-03,62743688,NULL
130,2,152,5,8,2023-01-03,63628440,NULL
131,2,153,2,8,2023-01-03,64851678,NULL
132,2,154,2,8,2023-01-03,64857476,NULL
133,2,155,2,8,2023-01-03,64859928,NULL
134,2,156,2,8,2023-01-03,64866980,NULL
135,2,157,2,8,2023-01-03,65223844,NULL
136,2,158,2,8,2023-01-03,65414708,NULL
137,2,159,2,8,2023-01-03,65448666,NULL
138,2,160,3,8,2023-01-03,65514903,NULL
139,2,161,2,8,2023-01-03,65596979,NULL
140,2,162,2,8,2023-01-03,65633151,NULL
141,2,163,2,8,2023-01-03,65697261,NULL
142,2,164,2,8,2023-01-03,65789887,NULL
143,2,165,2,8,2023-01-03,65799292,NULL
144,2,166,2,8,2023-01-03,65827318,NULL
145,2,167,2,8,2023-01-03,65841166,NULL
146,2,168,2,8,2023-01-03,65864955,NULL
147,2,169,2,8,2023-01-03,65867171,NULL
148,2,170,2,8,2023-01-03,65901914,NULL
149,2,171,2,8,2023-01-03,65908232,NULL
150,2,172,2,8,2023-01-03,65914891,NULL
151,2,173,4,8,2023-01-03,65925986,NULL
152,2,174,2,8,2023-01-03,65934857,NULL
153,2,175,2,8,2023-01-03,66065085,NULL
154,2,176,2,8,2023-01-03,66156067,NULL
155,2,177,2,8,2023-01-03,66199403,NULL
156,2,178,2,8,2023-01-03,66207934,NULL
157,2,179,2,8,2023-01-03,66237430,NULL
158,2,180,2,8,2023-01-03,66238495,NULL
159,2,181,2,8,2023-01-03,66253425,NULL
160,2,182,2,8,2023-01-03,66255439,NULL
161,2,183,2,8,2023-01-03,66257592,NULL
162,2,184,2,8,2023-01-03,66272404,NULL
163,2,185,1,8,2023-01-03,66572747,NULL
164,2,186,2,8,2023-01-03,66575716,NULL
165,2,187,5,3,2023-01-03,53379114,NULL
166,2,188,2,3,2023-01-03,57839191,NULL
167,2,189,2,3,2023-01-03,62270473,NULL
168,2,190,2,3,2023-01-03,62404985,NULL
169,2,191,2,3,2023-01-03,62460537,NULL
170,2,192,2,3,2023-01-03,63631313,NULL
171,2,193,2,3,2023-01-03,64084100,NULL
172,2,194,2,3,2023-01-03,64743931,NULL
173,2,195,2,3,2023-01-03,64777828,NULL
174,2,196,2,3,2023-01-03,64851235,NULL
175,2,197,2,3,2023-01-03,64857264,NULL
176,2,198,2,3,2023-01-03,65212100,NULL
177,2,199,1,3,2023-01-03,65498014,NULL
178,2,200,2,3,2023-01-03,65648276,NULL
179,2,201,2,3,2023-01-03,65775690,NULL
180,2,202,2,3,2023-01-03,65813460,NULL
181,2,203,2,3,2023-01-03,65899477,NULL
182,2,204,2,3,2023-01-03,65900519,NULL
183,2,205,2,3,2023-01-03,65907640,NULL
184,2,206,2,3,2023-01-03,65912429,NULL
185,2,207,2,3,2023-01-03,65921757,NULL
186,2,208,2,3,2023-01-03,65921847,NULL
187,2,209,2,3,2023-01-03,65935646,NULL
188,2,210,2,3,2023-01-03,66079638,NULL
189,2,211,2,3,2023-01-03,66156563,NULL
190,2,212,2,3,2023-01-03,66159094,NULL
191,2,213,2,3,2023-01-03,66189820,NULL
192,2,214,2,3,2023-01-03,66192379,NULL
193,2,215,2,3,2023-01-03,66209777,NULL
194,2,216,2,3,2023-01-03,66224355,NULL
195,2,217,2,3,2023-01-03,66230272,NULL
196,2,218,2,3,2023-01-03,66564432,NULL
198,2,219,5,1,2023-01-03,36216821,NULL
199,2,220,2,1,2023-01-03,60972573,NULL
200,2,221,2,1,2023-01-03,62578253,NULL
201,2,222,2,1,2023-01-03,62802588,NULL
202,2,223,2,1,2023-01-03,64688873,NULL
203,2,224,2,1,2023-01-03,64749029,NULL
204,2,225,2,1,2023-01-03,64778938,NULL
205,2,226,2,1,2023-01-03,64783005,NULL
206,2,227,2,1,2023-01-03,64786851,NULL
207,2,228,2,1,2023-01-03,64835167,NULL
208,2,229,2,1,2023-01-03,64855858,NULL
209,2,230,2,1,2023-01-03,65053976,NULL
210,2,231,2,1,2023-01-03,65212982,NULL
211,2,232,2,1,2023-01-03,65279640,NULL
212,2,233,2,1,2023-01-03,65308320,NULL
213,2,234,3,1,2023-01-03,65375610,NULL
214,2,235,2,1,2023-01-03,65487073,NULL
215,2,236,2,1,2023-01-03,65520349,NULL
216,2,237,2,1,2023-01-03,65526890,NULL
217,2,238,2,1,2023-01-03,65660047,NULL
218,2,239,2,1,2023-01-03,65704200,NULL
219,2,240,1,1,2023-01-03,65740333,NULL
220,2,241,3,1,2023-01-03,65853804,NULL
221,2,242,2,1,2023-01-03,65896264,NULL
222,2,243,2,1,2023-01-03,65899986,NULL
223,2,244,2,1,2023-01-03,65905249,NULL
224,2,245,2,1,2023-01-03,65935854,NULL
225,2,246,4,1,2023-01-03,66123675,NULL
226,2,247,2,1,2023-01-03,66183032,NULL
227,2,248,2,1,2023-01-03,66208262,NULL
228,2,249,5,1,2023-01-03,66226566,NULL
229,2,250,2,1,2023-01-03,66233099,NULL
230,2,251,2,1,2023-01-03,66251005,NULL
231,2,252,2,1,2023-01-03,66251335,NULL
232,2,253,2,1,2023-01-03,66496291,NULL
233,2,254,2,1,2023-01-03,66561050,NULL
234,2,255,2,1,2023-01-03,66561278,NULL
235,2,256,2,2,2023-01-03,49487161,NULL
236,2,257,2,2,2023-01-03,54124714,NULL
237,2,258,2,2,2023-01-03,61010009,NULL
238,2,259,2,2,2023-01-03,62309250,NULL
239,2,260,2,2,2023-01-03,62889579,NULL
240,2,261,2,2,2023-01-03,63488695,NULL
241,2,262,1,2,2023-01-03,64747514,NULL
242,2,263,2,2,2023-01-03,65251119,NULL
243,2,264,2,2,2023-01-03,65494796,NULL
244,2,265,1,2,2023-01-03,65739183,NULL
245,2,266,2,2,2023-01-03,65807112,NULL
246,2,267,1,2,2023-01-03,65841394,NULL
247,2,268,5,2,2023-01-03,65904836,NULL
248,2,269,5,2,2023-01-03,65916642,NULL
249,2,270,2,2,2023-01-03,66059664,NULL
250,2,271,2,2,2023-01-03,66125804,NULL
251,2,272,2,2,2023-01-03,66207902,NULL
252,2,273,1,2,2023-01-03,66233238,NULL
253,2,274,2,2,2023-01-03,66235609,NULL
254,2,275,2,2,2023-01-03,66312641,NULL
255,2,276,3,2,2023-01-03,66350326,NULL
256,2,277,2,11,2023-01-03,63998564,NULL
257,2,278,3,11,2023-01-03,64074070,NULL
258,2,279,2,11,2023-01-03,64555026,NULL
259,2,280,3,11,2023-01-03,65916601,NULL
260,2,281,2,11,2023-01-03,65924798,NULL
261,2,282,2,11,2023-01-03,66217324,NULL
262,2,283,2,4,2023-01-03,54133437,NULL
263,2,284,2,4,2023-01-03,62488834,NULL
264,2,285,2,4,2023-01-03,64023672,NULL
265,2,286,2,4,2023-01-03,64737152,NULL
266,2,287,2,4,2023-01-03,64830363,NULL
267,2,288,5,4,2023-01-03,64854970,NULL
268,2,289,2,4,2023-01-03,64868640,NULL
269,2,290,2,4,2023-01-03,65363011,NULL
270,2,291,2,4,2023-01-03,65493531,NULL
271,2,292,2,4,2023-01-03,65744151,NULL
272,2,293,2,4,2023-01-03,65751446,NULL
273,2,294,3,4,2023-01-03,65770938,NULL
274,2,295,5,4,2023-01-03,65828925,NULL
275,2,296,5,4,2023-01-03,65833534,NULL
276,2,297,2,4,2023-01-03,65861807,NULL
277,2,298,2,4,2023-01-03,65863122,NULL
278,2,299,2,4,2023-01-03,65867188,NULL
279,2,300,2,4,2023-01-03,65905485,NULL
280,2,301,2,4,2023-01-03,65911003,NULL
281,2,302,2,4,2023-01-03,65930862,NULL
282,2,303,2,4,2023-01-03,66230968,NULL
283,2,304,1,4,2023-01-03,66245857,NULL
284,2,305,2,4,2023-01-03,66252575,NULL
285,2,306,2,4,2023-01-03,66259931,NULL
287,3,307,2,10,2023-01-04,66586883,NULL
288,3,308,2,10,2023-01-04,66580429,NULL
289,3,309,2,10,2023-01-04,66581200,NULL
290,3,310,3,10,2023-01-04,66582038,NULL
291,3,311,2,10,2023-01-04,66584339,NULL
292,3,312,1,10,2023-01-04,66580852,NULL
293,3,313,2,10,2023-01-04,66580482,NULL
294,3,314,2,10,2023-01-04,66580649,NULL
295,3,315,4,10,2023-01-04,66583345,NULL
296,1,316,1,16,2023-01-04,62220917,NULL
297,1,317,2,16,2023-01-04,64697267,NULL
298,1,318,2,16,2023-01-04,65474639,NULL
299,1,319,2,16,2023-01-04,65863937,NULL
300,1,320,2,16,2023-01-04,65866997,NULL
301,1,321,2,16,2023-01-04,66233905,NULL
302,1,322,2,16,2023-01-04,66239290,NULL
303,1,323,3,16,2023-01-04,66587256,NULL
304,1,324,2,8,2023-01-04,64016519,NULL
305,1,325,2,8,2023-01-04,65381715,NULL
306,1,326,2,8,2023-01-04,65660930,NULL
307,1,327,1,8,2023-01-04,65742959,NULL
308,1,328,2,8,2023-01-04,65827285,NULL
309,1,329,1,8,2023-01-04,65910598,NULL
310,1,330,2,8,2023-01-04,65913077,NULL
311,1,331,2,8,2023-01-04,66172246,NULL
312,1,332,2,8,2023-01-04,66191049,NULL
313,1,333,2,8,2023-01-04,66233754,NULL
314,1,334,2,8,2023-01-04,66234440,NULL
315,1,335,2,8,2023-01-04,66236579,NULL
316,1,336,3,3,2023-01-04,64752089,NULL
317,1,337,1,3,2023-01-04,64829924,NULL
318,1,338,2,3,2023-01-04,64830833,NULL
319,1,339,1,3,2023-01-04,65842241,NULL
320,1,340,2,3,2023-01-04,65861775,NULL
321,1,341,3,3,2023-01-04,65863753,NULL
322,1,342,2,3,2023-01-04,65941112,NULL
323,1,343,2,3,2023-01-04,66128607,NULL
324,1,344,2,3,2023-01-04,66171752,NULL
325,1,345,2,1,2023-01-04,62339276,NULL
326,1,346,2,1,2023-01-04,62794911,NULL
327,1,347,5,1,2023-01-04,63436253,NULL
328,1,348,3,1,2023-01-04,64684009,NULL
329,1,349,3,1,2023-01-04,64830004,NULL
330,1,350,5,1,2023-01-04,64876847,NULL
331,1,351,1,1,2023-01-04,65129825,NULL
332,1,352,2,1,2023-01-04,66149311,NULL
333,1,353,2,1,2023-01-04,66184256,NULL
334,1,354,2,1,2023-01-04,66228929,NULL
335,1,355,1,1,2023-01-04,66233132,NULL
336,1,356,2,1,2023-01-04,66265177,NULL
337,1,357,2,2,2023-01-04,61044917,NULL
338,1,358,3,2,2023-01-04,64780683,NULL
339,1,359,2,2,2023-01-04,64782685,NULL
340,1,360,2,2,2023-01-04,65606312,NULL
341,1,361,2,2,2023-01-04,65769515,NULL
342,1,362,2,2,2023-01-04,65898638,NULL
343,1,363,2,2,2023-01-04,65899495,NULL
344,1,364,2,2,2023-01-04,65900581,NULL
345,1,365,3,2,2023-01-04,65908893,NULL
346,1,366,1,2,2023-01-04,65932178,NULL
347,1,367,2,2,2023-01-04,66228892,NULL
348,1,368,2,2,2023-01-04,66229232,NULL
349,1,369,2,2,2023-01-04,66265340,NULL
350,1,370,2,2,2023-01-04,66272214,NULL
351,1,371,2,20,2023-01-04,40406476,NULL
352,1,372,2,20,2023-01-04,64416616,NULL
353,1,373,2,20,2023-01-04,64737672,NULL
354,1,374,3,20,2023-01-04,64782406,NULL
355,1,375,3,20,2023-01-04,64782859,NULL
356,1,376,1,20,2023-01-04,64803916,NULL
357,1,377,1,20,2023-01-04,64829192,NULL
358,1,378,2,20,2023-01-04,64829898,NULL
359,1,379,2,20,2023-01-04,65251612,NULL
360,1,380,2,20,2023-01-04,65865709,NULL
361,1,381,2,20,2023-01-04,66081302,NULL
362,1,382,2,20,2023-01-04,66228296,NULL
363,1,383,2,20,2023-01-04,66260138,NULL
364,1,384,1,20,2023-01-04,66261487,NULL
365,1,385,2,20,2023-01-04,66557463,NULL
366,1,386,2,11,2023-01-04,64880451,NULL
367,1,387,5,11,2023-01-04,65862956,NULL
368,1,388,1,11,2023-01-04,65911186,NULL
369,1,389,1,11,2023-01-04,65945757,NULL
370,1,390,2,11,2023-01-04,66239331,NULL
371,1,391,1,11,2023-01-04,66255592,NULL
372,1,392,2,4,2023-01-04,59491531,NULL
373,1,393,2,4,2023-01-04,62870777,NULL
374,1,394,2,4,2023-01-04,64655543,NULL
375,1,395,2,4,2023-01-04,64688369,NULL
376,1,396,2,4,2023-01-04,64781950,NULL
377,1,397,2,4,2023-01-04,64829987,NULL
378,1,398,2,4,2023-01-04,64843851,NULL
379,1,399,2,4,2023-01-04,64876363,NULL
380,1,400,2,4,2023-01-04,65465561,NULL
381,1,401,2,4,2023-01-04,65890266,NULL
382,1,402,2,4,2023-01-04,65909284,NULL
383,1,403,2,4,2023-01-04,65942327,NULL
384,1,404,2,4,2023-01-04,65945762,NULL
385,1,405,2,4,2023-01-04,65949958,NULL
386,1,406,2,4,2023-01-04,65971837,NULL
387,1,407,2,4,2023-01-04,66229033,NULL
388,1,408,2,4,2023-01-04,66233177,NULL
389,1,409,1,4,2023-01-04,66233430,NULL
390,2,410,2,16,2023-01-04,59646245,NULL
391,2,411,2,16,2023-01-04,60669366,NULL
392,2,412,2,16,2023-01-04,62953915,NULL
393,2,413,2,16,2023-01-04,63414454,NULL
394,2,414,2,16,2023-01-04,64018804,NULL
395,2,415,2,16,2023-01-04,64145196,NULL
396,2,416,2,16,2023-01-04,64690519,NULL
397,2,417,2,16,2023-01-04,64713631,NULL
398,2,418,2,16,2023-01-04,64802158,NULL
399,2,419,4,16,2023-01-04,64843200,NULL
400,2,420,2,16,2023-01-04,64870333,NULL
401,2,421,2,16,2023-01-04,64876921,NULL
402,2,422,2,16,2023-01-04,65135224,NULL
403,2,423,2,16,2023-01-04,65331556,NULL
404,2,424,2,16,2023-01-04,65487277,NULL
405,2,425,4,16,2023-01-04,65539286,NULL
406,2,426,2,16,2023-01-04,65643001,NULL
407,2,427,2,16,2023-01-04,65807381,NULL
408,2,428,5,16,2023-01-04,65816760,NULL
409,2,429,2,16,2023-01-04,65900069,NULL
410,2,430,2,16,2023-01-04,65900588,NULL
411,2,431,2,16,2023-01-04,65912107,NULL
412,2,432,2,16,2023-01-04,65949185,NULL
413,2,433,2,16,2023-01-04,66084915,NULL
414,2,434,2,16,2023-01-04,66154698,NULL
415,2,435,2,16,2023-01-04,66268252,NULL
416,2,436,2,16,2023-01-04,66272685,NULL
417,2,437,3,8,2023-01-04,54712930,NULL
418,2,438,2,8,2023-01-04,56323794,NULL
419,2,439,2,8,2023-01-04,60211124,NULL
420,2,440,2,8,2023-01-04,62305053,NULL
421,2,441,2,8,2023-01-04,63295233,NULL
422,2,442,2,8,2023-01-04,64636774,NULL
423,2,443,2,8,2023-01-04,64733312,NULL
424,2,444,2,8,2023-01-04,64752388,NULL
425,2,445,2,8,2023-01-04,64875682,NULL
426,2,446,2,8,2023-01-04,65412452,NULL
427,2,447,2,8,2023-01-04,65472976,NULL
428,2,448,2,8,2023-01-04,65664919,NULL
429,2,449,1,8,2023-01-04,65717902,NULL
430,2,450,2,8,2023-01-04,65793221,NULL
431,2,451,2,8,2023-01-04,65862774,NULL
432,2,452,2,8,2023-01-04,65865759,NULL
433,2,453,5,8,2023-01-04,65885891,NULL
434,2,454,2,8,2023-01-04,65902492,NULL
435,2,455,2,8,2023-01-04,65917488,NULL
436,2,456,2,8,2023-01-04,65925640,NULL
437,2,457,2,8,2023-01-04,65928529,NULL
438,2,458,3,8,2023-01-04,66072200,NULL
439,2,459,3,8,2023-01-04,66140630,NULL
440,2,460,3,8,2023-01-04,66233107,NULL
441,2,461,2,8,2023-01-04,66238086,NULL
442,2,462,3,8,2023-01-04,66248770,NULL
443,2,463,2,8,2023-01-04,66254781,NULL
444,2,464,2,8,2023-01-04,66268433,NULL
445,2,465,2,3,2023-01-04,62902180,NULL
446,2,466,2,3,2023-01-04,63151339,NULL
447,2,467,2,3,2023-01-04,64084163,NULL
448,2,468,2,3,2023-01-04,64733383,NULL
449,2,469,2,3,2023-01-04,64850021,NULL
450,2,470,2,3,2023-01-04,64879955,NULL
451,2,471,2,3,2023-01-04,65012366,NULL
452,2,472,1,3,2023-01-04,65539445,NULL
453,2,473,2,3,2023-01-04,65587752,NULL
454,2,474,5,3,2023-01-04,65791883,NULL
455,2,475,6,3,2023-01-04,65796442,NULL
456,2,476,2,3,2023-01-04,65866818,NULL
457,2,477,2,3,2023-01-04,65899283,NULL
458,2,478,2,3,2023-01-04,65944888,NULL
459,2,479,2,3,2023-01-04,66038375,NULL
460,2,480,2,3,2023-01-04,66085344,NULL
461,2,481,5,3,2023-01-04,66122231,NULL
462,2,482,2,3,2023-01-04,66184975,NULL
463,2,483,2,3,2023-01-04,66232245,NULL
464,2,484,2,3,2023-01-04,66232722,NULL
465,2,485,2,3,2023-01-04,66233760,NULL
466,2,486,2,1,2023-01-04,61351292,NULL
467,2,487,2,1,2023-01-04,61876997,NULL
468,2,488,2,1,2023-01-04,62244805,NULL
469,2,489,2,1,2023-01-04,63961374,NULL
470,2,490,2,1,2023-01-04,64735543,NULL
471,2,491,2,1,2023-01-04,64781715,NULL
472,2,492,2,1,2023-01-04,64863674,NULL
473,2,493,2,1,2023-01-04,65291856,NULL
474,2,494,2,1,2023-01-04,65448664,NULL
475,2,495,2,1,2023-01-04,65487903,NULL
476,2,496,2,1,2023-01-04,65528333,NULL
477,2,497,5,1,2023-01-04,65534326,NULL
478,2,498,5,1,2023-01-04,65541635,NULL
479,2,499,2,1,2023-01-04,65740196,NULL
480,2,500,4,1,2023-01-04,65775634,NULL
481,2,501,2,1,2023-01-04,65800626,NULL
482,2,502,2,1,2023-01-04,65817986,NULL
483,2,503,3,1,2023-01-04,65818838,NULL
484,2,504,2,1,2023-01-04,65863738,NULL
485,2,505,2,1,2023-01-04,65866208,NULL
486,2,506,2,1,2023-01-04,65900522,NULL
487,2,507,2,1,2023-01-04,65906785,NULL
488,2,508,2,1,2023-01-04,65912345,NULL
489,2,509,2,1,2023-01-04,65919704,NULL
490,2,510,4,1,2023-01-04,65931412,NULL
491,2,511,2,1,2023-01-04,66067868,NULL
492,2,512,3,1,2023-01-04,66192783,NULL
493,2,513,2,1,2023-01-04,66232284,NULL
494,2,514,2,1,2023-01-04,66237995,NULL
495,2,515,2,1,2023-01-04,66248677,NULL
496,2,516,3,1,2023-01-04,66259064,NULL
497,2,517,2,1,2023-01-04,66272318,NULL
498,2,518,2,1,2023-01-04,66272378,NULL
499,2,519,2,1,2023-01-04,66563740,NULL
500,2,520,2,1,2023-01-04,66587564,NULL
501,2,521,2,2,2023-01-04,45883912,NULL
502,2,522,2,2,2023-01-04,52158287,NULL
503,2,523,2,2,2023-01-04,58742040,NULL
504,2,524,2,2,2023-01-04,59317523,NULL
505,2,525,3,2,2023-01-04,61486230,NULL
506,2,526,2,2,2023-01-04,63069393,NULL
507,2,527,2,2,2023-01-04,63931054,NULL
508,2,528,2,2,2023-01-04,64225896,NULL
509,2,529,2,2,2023-01-04,64563597,NULL
510,2,530,1,2,2023-01-04,64631705,NULL
511,2,531,2,2,2023-01-04,64777468,NULL
512,2,532,2,2,2023-01-04,64783471,NULL
513,2,533,2,2,2023-01-04,64875092,NULL
514,2,534,2,2,2023-01-04,65132114,NULL
515,2,535,5,2,2023-01-04,65193534,NULL
516,2,536,2,2,2023-01-04,65447470,NULL
517,2,537,2,2,2023-01-04,65448575,NULL
518,2,538,1,2,2023-01-04,65456545,NULL
519,2,539,2,2,2023-01-04,65487826,NULL
520,2,540,2,2,2023-01-04,65659350,NULL
521,2,541,2,2,2023-01-04,65898619,NULL
522,2,542,2,2,2023-01-04,65905973,NULL
523,2,543,2,2,2023-01-04,65912033,NULL
524,2,544,2,2,2023-01-04,65920237,NULL
525,2,545,2,2,2023-01-04,65936111,NULL
526,2,546,2,2,2023-01-04,65937134,NULL
527,2,547,5,2,2023-01-04,66232479,NULL
528,2,548,2,2,2023-01-04,66270882,NULL
529,2,549,2,2,2023-01-04,66271271,NULL
530,2,550,2,2,2023-01-04,66280093,NULL
531,2,551,2,2,2023-01-04,66553429,NULL
532,2,552,2,20,2023-01-04,59599284,NULL
533,2,553,2,20,2023-01-04,60298176,NULL
534,2,554,2,20,2023-01-04,61280951,NULL
535,2,555,2,20,2023-01-04,62244374,NULL
536,2,556,2,20,2023-01-04,62326395,NULL
537,2,557,2,20,2023-01-04,62787145,NULL
538,2,558,2,20,2023-01-04,62898680,NULL
539,2,559,2,20,2023-01-04,63377398,NULL
540,2,560,2,20,2023-01-04,63450343,NULL
541,2,561,2,20,2023-01-04,63968497,NULL
542,2,562,2,20,2023-01-04,64736611,NULL
543,2,563,1,20,2023-01-04,64774923,NULL
544,2,564,2,20,2023-01-04,64792567,NULL
545,2,565,2,20,2023-01-04,64870093,NULL
546,2,566,2,20,2023-01-04,65487683,NULL
547,2,567,2,20,2023-01-04,65489102,NULL
548,2,568,2,20,2023-01-04,65743293,NULL
549,2,569,2,20,2023-01-04,65862673,NULL
550,2,570,2,20,2023-01-04,65935088,NULL
551,2,571,2,20,2023-01-04,66156804,NULL
552,2,572,2,20,2023-01-04,66200816,NULL
553,2,573,2,20,2023-01-04,66233443,NULL
554,2,574,2,20,2023-01-04,66257282,NULL
555,2,575,5,20,2023-01-04,66296296,NULL
556,2,576,2,11,2023-01-04,62553421,NULL
557,2,577,2,11,2023-01-04,64698435,NULL
558,2,578,2,11,2023-01-04,64727250,NULL
559,2,579,2,11,2023-01-04,64740858,NULL
560,2,580,2,11,2023-01-04,65373443,NULL
561,2,581,5,11,2023-01-04,65767287,NULL
562,2,582,2,11,2023-01-04,65901341,NULL
563,2,583,2,11,2023-01-04,65940728,NULL
564,2,584,2,11,2023-01-04,66233618,NULL
565,2,585,2,11,2023-01-04,66272624,NULL
566,2,586,2,11,2023-01-04,66587224,NULL
567,2,587,3,4,2023-01-04,60443976,NULL
568,2,588,2,4,2023-01-04,62119670,NULL
569,2,589,2,4,2023-01-04,62781409,NULL
570,2,590,2,4,2023-01-04,63072687,NULL
571,2,591,2,4,2023-01-04,63961748,NULL
572,2,592,2,4,2023-01-04,64820903,NULL
573,2,593,2,4,2023-01-04,64830261,NULL
574,2,594,1,4,2023-01-04,64844529,NULL
575,2,595,2,4,2023-01-04,64847083,NULL
576,2,596,2,4,2023-01-04,64847706,NULL
577,2,597,1,4,2023-01-04,65510772,NULL
578,2,598,2,4,2023-01-04,65751078,NULL
579,2,599,2,4,2023-01-04,65811640,NULL
580,2,600,2,4,2023-01-04,65867685,NULL
581,2,601,2,4,2023-01-04,65901111,NULL
582,2,602,2,4,2023-01-04,65928655,NULL
583,2,603,2,4,2023-01-04,66140535,NULL
584,2,604,2,4,2023-01-04,66211781,NULL
585,2,605,2,4,2023-01-04,66232305,NULL
586,2,606,2,4,2023-01-04,66276157,NULL
587,2,607,2,4,2023-01-04,66578267,NULL
588,2,608,2,4,2023-01-04,66581435,NULL
589,3,609,3,10,2023-01-05,66594586,NULL
590,3,610,2,10,2023-01-05,66594904,NULL
591,3,611,2,10,2023-01-05,66594517,NULL
592,3,612,2,10,2023-01-05,66594298,NULL
593,3,613,2,10,2023-01-05,66594758,NULL
594,3,614,4,10,2023-01-05,66595124,NULL
595,3,615,1,10,2023-01-05,66594470,NULL
596,3,616,2,10,2023-01-05,66594620,NULL
597,3,617,5,10,2023-01-05,66595055,NULL
598,1,618,2,8,2023-01-05,64809080,NULL
599,1,619,3,8,2023-01-05,64820086,NULL
600,1,620,2,8,2023-01-05,64829700,NULL
601,1,621,2,8,2023-01-05,64885993,NULL
602,1,622,2,8,2023-01-05,65936785,NULL
603,1,623,2,8,2023-01-05,65961102,NULL
604,1,624,2,8,2023-01-05,66062764,NULL
605,1,625,2,8,2023-01-05,66233981,NULL
606,1,626,2,8,2023-01-05,66263626,NULL
607,1,627,1,3,2023-01-05,60865361,NULL
608,1,628,2,3,2023-01-05,62067073,NULL
609,1,629,1,3,2023-01-05,63291229,NULL
610,1,630,2,3,2023-01-05,63774206,NULL
611,1,631,2,3,2023-01-05,64059963,NULL
612,1,632,3,3,2023-01-05,64572106,NULL
613,1,633,1,3,2023-01-05,64836786,NULL
614,1,634,2,3,2023-01-05,64877048,NULL
615,1,635,2,3,2023-01-05,64907314,NULL
616,1,636,2,3,2023-01-05,65475049,NULL
617,1,637,2,3,2023-01-05,65559451,NULL
618,1,638,1,3,2023-01-05,65791596,NULL
619,1,639,2,3,2023-01-05,65852405,NULL
620,1,640,2,3,2023-01-05,65937112,NULL
621,1,641,3,3,2023-01-05,66157606,NULL
622,1,642,2,3,2023-01-05,66162225,NULL
623,1,643,2,3,2023-01-05,66186935,NULL
624,1,644,2,3,2023-01-05,66246323,NULL
625,1,645,2,3,2023-01-05,66272285,NULL
626,1,646,2,1,2023-01-05,61880110,NULL
627,1,647,2,1,2023-01-05,64058951,NULL
628,1,648,2,1,2023-01-05,64842124,NULL
629,1,649,2,1,2023-01-05,64872940,NULL
630,1,650,2,1,2023-01-05,65444904,NULL
631,1,651,2,1,2023-01-05,65785952,NULL
632,1,652,3,1,2023-01-05,65816319,NULL
633,1,653,1,1,2023-01-05,65906859,NULL
634,1,654,2,1,2023-01-05,65961685,NULL
635,1,655,2,1,2023-01-05,66184973,NULL
636,1,656,2,1,2023-01-05,66229662,NULL
637,1,657,3,1,2023-01-05,66233205,NULL
638,1,658,2,1,2023-01-05,66242349,NULL
639,1,659,2,1,2023-01-05,66247654,NULL
640,1,660,1,1,2023-01-05,66251459,NULL
641,1,661,2,2,2023-01-05,60145303,NULL
642,1,662,2,2,2023-01-05,62547875,NULL
643,1,663,1,2,2023-01-05,64808369,NULL
644,1,664,2,2,2023-01-05,64873565,NULL
645,1,665,2,2,2023-01-05,65486380,NULL
646,1,666,3,2,2023-01-05,65551759,NULL
647,1,667,1,2,2023-01-05,65947655,NULL
648,1,668,1,2,2023-01-05,65958196,NULL
649,1,669,1,2,2023-01-05,65961811,NULL
650,1,670,2,2,2023-01-05,66267972,NULL
651,1,671,1,2,2023-01-05,66283875,NULL
652,1,672,2,2,2023-01-05,66564084,NULL
653,1,673,2,20,2023-01-05,62820763,NULL
654,1,674,1,20,2023-01-05,62941297,NULL
655,1,675,2,20,2023-01-05,63634195,NULL
656,1,676,5,20,2023-01-05,64519366,NULL
657,1,677,2,20,2023-01-05,64804232,NULL
658,1,678,3,20,2023-01-05,64876796,NULL
659,1,679,2,20,2023-01-05,65505206,NULL
660,1,680,2,20,2023-01-05,65514648,NULL
661,1,681,3,20,2023-01-05,65929479,NULL
662,1,682,2,20,2023-01-05,66122699,NULL
663,1,683,2,20,2023-01-05,66587798,NULL
664,1,684,2,11,2023-01-05,66283873,NULL
665,1,685,2,4,2023-01-05,62244435,NULL
666,1,686,3,4,2023-01-05,64830081,NULL
667,1,687,2,4,2023-01-05,64846427,NULL
668,1,688,2,4,2023-01-05,64859679,NULL
669,1,689,2,4,2023-01-05,64873184,NULL
670,1,690,2,4,2023-01-05,64888900,NULL
671,1,691,2,4,2023-01-05,65784956,NULL
672,1,692,1,4,2023-01-05,65805302,NULL
673,1,693,2,4,2023-01-05,65867190,NULL
674,1,694,3,4,2023-01-05,65944503,NULL
675,1,695,9,4,2023-01-05,65957605,NULL
676,1,696,2,4,2023-01-05,66594888,NULL
677,5,697,4,1,2023-01-05,66597921,NULL
678,2,698,2,8,2023-01-05,60073971,NULL
679,2,699,2,8,2023-01-05,62430789,NULL
680,2,700,2,8,2023-01-05,62613170,NULL
681,2,701,2,8,2023-01-05,62788604,NULL
682,2,702,2,8,2023-01-05,63914290,NULL
683,2,703,2,8,2023-01-05,63914782,NULL
684,2,704,2,8,2023-01-05,64689283,NULL
685,2,705,2,8,2023-01-05,64842632,NULL
686,2,706,2,8,2023-01-05,64875168,NULL
687,2,707,2,8,2023-01-05,64876088,NULL
688,2,708,2,8,2023-01-05,64876694,NULL
689,2,709,1,8,2023-01-05,64890215,NULL
690,2,710,2,8,2023-01-05,65301183,NULL
691,2,711,2,8,2023-01-05,65389798,NULL
692,2,712,2,8,2023-01-05,65824195,NULL
693,2,713,2,8,2023-01-05,65832590,NULL
694,2,714,3,8,2023-01-05,65899858,NULL
695,2,715,4,8,2023-01-05,65905148,NULL
696,2,716,2,8,2023-01-05,65950784,NULL
697,2,717,1,8,2023-01-05,66247207,NULL
698,2,718,2,8,2023-01-05,66254501,NULL
699,2,719,2,8,2023-01-05,66271612,NULL
700,2,720,2,8,2023-01-05,66274627,NULL
701,2,721,4,8,2023-01-05,66276851,NULL
702,2,722,2,8,2023-01-05,66596589,NULL
703,2,723,2,8,2023-01-05,66598614,NULL
704,2,724,2,8,2023-01-05,66601468,NULL
705,2,725,2,21,2023-01-05,65896661,NULL
706,2,726,2,21,2023-01-05,65946961,NULL
707,2,727,2,21,2023-01-05,66270288,NULL
708,2,728,2,21,2023-01-05,66587009,NULL
709,2,729,2,3,2023-01-05,54427604,NULL
710,2,730,2,3,2023-01-05,63446301,NULL
711,2,731,2,3,2023-01-05,64632670,NULL
712,2,732,2,3,2023-01-05,64746617,NULL
713,2,733,6,3,2023-01-05,64779370,NULL
714,2,734,2,3,2023-01-05,64782319,NULL
715,2,735,4,3,2023-01-05,64825286,NULL
716,2,736,1,3,2023-01-05,64854216,NULL
717,2,737,2,3,2023-01-05,64893274,NULL
718,2,738,3,3,2023-01-05,65052041,NULL
719,2,739,5,3,2023-01-05,65530534,NULL
720,2,740,2,3,2023-01-05,65708177,NULL
721,2,741,2,3,2023-01-05,65713902,NULL
722,2,742,1,3,2023-01-05,65815555,NULL
723,2,743,5,3,2023-01-05,65900635,NULL
724,2,744,2,3,2023-01-05,65917338,NULL
725,2,745,2,3,2023-01-05,65920080,NULL
726,2,746,2,3,2023-01-05,65920863,NULL
727,2,747,2,3,2023-01-05,65934731,NULL
728,2,748,2,3,2023-01-05,65936351,NULL
729,2,749,2,3,2023-01-05,65948825,NULL
730,2,750,3,3,2023-01-05,65950914,NULL
731,2,751,2,3,2023-01-05,65952586,NULL
732,2,752,1,3,2023-01-05,66125294,NULL
733,2,753,2,3,2023-01-05,66154872,NULL
734,2,754,2,3,2023-01-05,66170875,NULL
735,2,755,2,3,2023-01-05,66228007,NULL
736,2,756,2,3,2023-01-05,66233186,NULL
737,2,757,2,3,2023-01-05,66265415,NULL
738,2,758,2,3,2023-01-05,66272440,NULL
739,2,759,2,3,2023-01-05,66279584,NULL
740,2,760,3,3,2023-01-05,66281779,NULL
741,2,761,3,1,2023-01-05,51246650,NULL
742,2,762,3,1,2023-01-05,51783661,NULL
743,2,763,2,1,2023-01-05,54141982,NULL
744,2,764,4,1,2023-01-05,56915999,NULL
745,2,765,1,1,2023-01-05,62022400,NULL
746,2,766,2,1,2023-01-05,62098206,NULL
747,2,767,2,1,2023-01-05,63294032,NULL
748,2,768,2,1,2023-01-05,64016889,NULL
749,2,769,2,1,2023-01-05,64113050,NULL
750,2,770,2,1,2023-01-05,64345422,NULL
751,2,771,2,1,2023-01-05,64669016,NULL
752,2,772,2,1,2023-01-05,64703307,NULL
753,2,773,2,1,2023-01-05,64824883,NULL
754,2,774,2,1,2023-01-05,64831884,NULL
755,2,775,2,1,2023-01-05,64838837,NULL
756,2,776,2,1,2023-01-05,64868374,NULL
757,2,777,2,1,2023-01-05,64885609,NULL
758,2,778,2,1,2023-01-05,65305703,NULL
759,2,779,2,1,2023-01-05,65684378,NULL
760,2,780,2,1,2023-01-05,65777717,NULL
761,2,781,2,1,2023-01-05,65805041,NULL
762,2,782,2,1,2023-01-05,65815171,NULL
763,2,783,2,1,2023-01-05,65816028,NULL
764,2,784,2,1,2023-01-05,65899651,NULL
765,2,785,2,1,2023-01-05,65924745,NULL
766,2,786,2,1,2023-01-05,65935834,NULL
767,2,787,1,1,2023-01-05,65949404,NULL
768,2,788,2,1,2023-01-05,66037038,NULL
769,2,789,2,1,2023-01-05,66187023,NULL
770,2,790,2,1,2023-01-05,66192556,NULL
771,2,791,2,1,2023-01-05,66196759,NULL
772,2,792,2,1,2023-01-05,66253868,NULL
773,2,793,2,1,2023-01-05,66260713,NULL
774,2,794,2,1,2023-01-05,66261400,NULL
775,2,795,2,1,2023-01-05,66273257,NULL
776,2,796,2,1,2023-01-05,66273718,NULL
777,2,797,2,1,2023-01-05,66292792,NULL
778,2,798,5,1,2023-01-05,66310413,NULL
779,2,799,2,1,2023-01-05,66568101,NULL
780,2,800,5,1,2023-01-05,66577735,NULL
781,2,801,2,2,2023-01-05,53548271,NULL
782,2,802,2,2,2023-01-05,56579998,NULL
783,2,803,5,2,2023-01-05,62304311,NULL
784,2,804,2,2,2023-01-05,62364173,NULL
785,2,805,2,2,2023-01-05,62429653,NULL
786,2,806,1,2,2023-01-05,63450554,NULL
787,2,807,2,2,2023-01-05,64708779,NULL
789,2,808,9,2,2023-01-05,64897110,NULL
790,2,809,2,2,2023-01-05,64900460,NULL
791,2,810,2,2,2023-01-05,65051930,NULL
792,2,811,2,2,2023-01-05,65078795,NULL
793,2,812,2,2,2023-01-05,65427830,NULL
794,2,813,2,2,2023-01-05,65486745,NULL
795,2,814,5,2,2023-01-05,65486770,NULL
796,2,815,2,2,2023-01-05,65530730,NULL
797,2,816,2,2,2023-01-05,65773533,NULL
798,2,817,2,2,2023-01-05,65790962,NULL
799,2,818,2,2,2023-01-05,65806153,NULL
800,2,819,2,2,2023-01-05,65866389,NULL
801,2,820,4,2,2023-01-05,65866522,NULL
802,2,821,2,2,2023-01-05,65916921,NULL
803,2,822,5,2,2023-01-05,65945479,NULL
804,2,823,2,2,2023-01-05,65950431,NULL
805,2,824,3,2,2023-01-05,65963765,NULL
806,2,825,2,2,2023-01-05,66069743,NULL
807,2,826,1,2,2023-01-05,66150652,NULL
808,2,827,2,2,2023-01-05,66157972,NULL
809,2,828,4,2,2023-01-05,66210793,NULL
810,2,829,2,2,2023-01-05,66242242,NULL
811,2,830,2,2,2023-01-05,66265102,NULL
812,2,831,2,2,2023-01-05,66285360,NULL
813,2,832,2,2,2023-01-05,66466865,NULL
814,2,833,5,20,2023-01-05,58988209,NULL
815,2,834,2,20,2023-01-05,60657960,NULL
816,2,835,2,20,2023-01-05,61657895,NULL
817,2,836,4,20,2023-01-05,62694067,NULL
818,2,837,1,20,2023-01-05,62832507,NULL
819,2,838,2,20,2023-01-05,63577695,NULL
820,2,839,2,20,2023-01-05,64320062,NULL
821,2,840,3,20,2023-01-05,64410404,NULL
822,2,841,2,20,2023-01-05,64699260,NULL
823,2,842,2,20,2023-01-05,64873294,NULL
824,2,843,2,20,2023-01-05,65426858,NULL
825,2,844,2,20,2023-01-05,65900151,NULL
826,2,845,3,20,2023-01-05,65900474,NULL
827,2,846,2,20,2023-01-05,65947503,NULL
828,2,847,5,20,2023-01-05,65958141,NULL
829,2,848,2,20,2023-01-05,65964381,NULL
830,2,849,2,20,2023-01-05,66158251,NULL
831,2,850,2,20,2023-01-05,66234137,NULL
832,2,851,2,20,2023-01-05,66238279,NULL
833,2,852,2,20,2023-01-05,66281995,NULL
834,2,853,1,20,2023-01-05,66287383,NULL
835,2,854,2,11,2023-01-05,64168001,NULL
836,2,855,4,11,2023-01-05,65425242,NULL
837,2,856,2,11,2023-01-05,65816478,NULL
838,2,857,2,11,2023-01-05,65944081,NULL
839,2,858,2,11,2023-01-05,65948621,NULL
840,2,859,2,11,2023-01-05,65951918,NULL
841,2,860,4,11,2023-01-05,66279429,NULL
842,2,861,2,4,2023-01-05,59145516,NULL
843,2,862,2,4,2023-01-05,61616420,NULL
844,2,863,2,4,2023-01-05,61852493,NULL
845,2,864,2,4,2023-01-05,62202177,NULL
846,2,865,2,4,2023-01-05,62512882,NULL
847,2,866,2,4,2023-01-05,62600417,NULL
848,2,867,1,4,2023-01-05,62772675,NULL
849,2,868,2,4,2023-01-05,63190671,NULL
850,2,869,2,4,2023-01-05,63302989,NULL
851,2,870,2,4,2023-01-05,64010485,NULL
852,2,871,4,4,2023-01-05,64353150,NULL
853,2,872,2,4,2023-01-05,64805293,NULL
854,2,873,2,4,2023-01-05,64904522,NULL
855,2,874,5,4,2023-01-05,65260012,NULL
856,2,875,2,4,2023-01-05,65816119,NULL
857,2,876,5,4,2023-01-05,65930091,NULL
858,2,877,2,4,2023-01-05,65957843,NULL
859,2,878,5,4,2023-01-05,66001824,NULL
860,2,879,2,4,2023-01-05,66118032,NULL
861,2,880,2,4,2023-01-05,66205377,NULL
862,2,881,2,4,2023-01-05,66231026,NULL
863,2,882,2,4,2023-01-05,66245982,NULL
864,2,883,2,4,2023-01-05,66256923,NULL
865,2,884,2,4,2023-01-05,66257700,NULL
866,2,885,2,4,2023-01-05,66274068,NULL
867,2,886,2,4,2023-01-05,66281641,NULL
868,2,887,2,4,2023-01-05,66294152,NULL
869,7,888,2,16,2023-01-06,66616893,NULL
870,8,889,3,8,2023-01-06,66617167,NULL
871,3,890,2,10,2023-01-06,66608084,NULL
872,3,891,2,10,2023-01-06,66615171,NULL
873,3,892,2,10,2023-01-06,66607863,NULL
874,3,893,2,10,2023-01-06,66607821,NULL
875,3,894,2,10,2023-01-06,66610331,NULL
876,3,895,2,10,2023-01-06,66607683,NULL
877,3,896,2,10,2023-01-06,66608027,NULL
878,3,897,2,10,2023-01-06,66607888,NULL
879,3,898,5,10,2023-01-06,66607643,NULL
880,1,888,2,16,2023-01-06,64144236,NULL
881,1,900,3,16,2023-01-06,65463942,NULL
882,1,901,2,16,2023-01-06,65498437,NULL
883,1,902,1,16,2023-01-06,65624637,NULL
884,1,903,2,16,2023-01-06,65708865,NULL
885,1,904,3,16,2023-01-06,65921748,NULL
886,1,905,1,16,2023-01-06,65941146,NULL
887,1,906,3,16,2023-01-06,65942443,NULL
888,1,907,5,16,2023-01-06,66156673,NULL
889,1,908,2,16,2023-01-06,66581049,NULL
890,1,889,3,8,2023-01-06,64880405,NULL
891,1,909,1,8,2023-01-06,64920598,NULL
892,1,910,3,8,2023-01-06,65201110,NULL
893,1,911,2,8,2023-01-06,65501169,NULL
894,1,912,2,8,2023-01-06,65843235,NULL
895,1,913,5,8,2023-01-06,65850228,NULL
896,1,914,2,8,2023-01-06,65899772,NULL
897,1,915,2,8,2023-01-06,65927244,NULL
898,1,916,2,8,2023-01-06,65940396,NULL
899,1,917,1,8,2023-01-06,66272906,NULL
900,1,918,2,3,2023-01-06,62341850,NULL
901,1,919,1,3,2023-01-06,64854144,NULL
902,1,920,2,3,2023-01-06,64856113,NULL
903,1,921,3,3,2023-01-06,64859556,NULL
904,1,922,3,3,2023-01-06,64868387,NULL
905,1,923,2,3,2023-01-06,64891166,NULL
906,1,924,2,3,2023-01-06,64925770,NULL
907,1,925,3,3,2023-01-06,65173844,NULL
908,1,926,5,3,2023-01-06,65824065,NULL
909,1,927,1,3,2023-01-06,65846794,NULL
910,1,928,1,3,2023-01-06,65862503,NULL
911,1,929,2,3,2023-01-06,65936081,NULL
912,1,930,2,3,2023-01-06,65936631,NULL
913,1,931,2,3,2023-01-06,66040197,NULL
914,1,932,2,3,2023-01-06,66231437,NULL
915,1,933,2,3,2023-01-06,66272296,NULL
916,1,934,2,3,2023-01-06,66272753,NULL
917,1,935,5,3,2023-01-06,66458467,NULL
918,1,936,1,3,2023-01-06,66570678,NULL
919,1,937,1,3,2023-01-06,66593364,NULL
920,1,938,2,1,2023-01-06,61987748,NULL
921,1,939,2,1,2023-01-06,62600416,NULL
922,1,940,1,1,2023-01-06,64563165,NULL
923,1,941,2,1,2023-01-06,64634803,NULL
924,1,942,3,1,2023-01-06,64817709,NULL
925,1,943,2,1,2023-01-06,64844700,NULL
926,1,944,3,1,2023-01-06,64897065,NULL
927,1,945,2,1,2023-01-06,64919313,NULL
928,1,946,5,1,2023-01-06,64922752,NULL
929,1,947,2,1,2023-01-06,65547631,NULL
930,1,948,1,1,2023-01-06,65828817,NULL
931,1,949,3,1,2023-01-06,65936429,NULL
932,1,950,2,1,2023-01-06,65943060,NULL
933,1,951,2,1,2023-01-06,65953230,NULL
934,1,952,1,1,2023-01-06,66157368,NULL
935,1,953,2,1,2023-01-06,66192441,NULL
936,1,954,2,1,2023-01-06,66230506,NULL
937,1,955,2,1,2023-01-06,66240772,NULL
938,1,956,3,1,2023-01-06,66247161,NULL
939,1,957,2,1,2023-01-06,66266959,NULL
940,1,958,2,2,2023-01-06,61049819,NULL
941,1,959,2,2,2023-01-06,63959372,NULL
942,1,960,2,2,2023-01-06,64050705,NULL
943,1,961,2,2,2023-01-06,64473895,NULL
944,1,962,2,2,2023-01-06,64901913,NULL
945,1,963,2,2,2023-01-06,65449283,NULL
946,1,964,2,2,2023-01-06,65578896,NULL
947,1,965,2,2,2023-01-06,65942882,NULL
948,1,966,2,2,2023-01-06,65960888,NULL
949,1,967,2,2,2023-01-06,66085475,NULL
950,1,968,3,2,2023-01-06,66614929,NULL
951,1,969,2,20,2023-01-06,61229402,NULL
952,1,970,1,20,2023-01-06,62046686,NULL
953,1,971,2,20,2023-01-06,63863978,NULL
954,1,972,2,20,2023-01-06,64435213,NULL
955,1,973,3,20,2023-01-06,64687160,NULL
956,1,974,3,20,2023-01-06,64735860,NULL
957,1,975,3,20,2023-01-06,64737178,NULL
958,1,976,3,20,2023-01-06,64865684,NULL
959,1,977,2,20,2023-01-06,64877800,NULL
960,1,978,2,20,2023-01-06,64895245,NULL
961,1,979,2,20,2023-01-06,64905283,NULL
962,1,980,2,20,2023-01-06,65371875,NULL
963,1,981,3,20,2023-01-06,65900053,NULL
964,1,982,2,20,2023-01-06,65906317,NULL
965,1,983,2,20,2023-01-06,65969668,NULL
966,1,984,2,20,2023-01-06,65982563,NULL
967,1,985,2,20,2023-01-06,66179836,NULL
968,1,986,2,20,2023-01-06,66209361,NULL
969,1,987,2,20,2023-01-06,66272526,NULL
970,1,988,2,4,2023-01-06,62989752,NULL
971,1,989,2,4,2023-01-06,63513015,NULL
972,1,990,2,4,2023-01-06,64674584,NULL
973,1,991,2,4,2023-01-06,64707684,NULL
974,1,992,2,4,2023-01-06,64747688,NULL
975,1,993,3,4,2023-01-06,64761247,NULL
976,1,994,2,4,2023-01-06,64782379,NULL
977,1,995,2,4,2023-01-06,64824501,NULL
978,1,996,3,4,2023-01-06,65415437,NULL
979,1,997,2,4,2023-01-06,65432131,NULL
980,1,998,2,4,2023-01-06,65511103,NULL
981,1,999,3,4,2023-01-06,65520260,NULL
982,1,1000,2,4,2023-01-06,65533787,NULL
983,1,1001,2,4,2023-01-06,65830854,NULL
984,1,1002,2,4,2023-01-06,65932576,NULL
985,1,1003,2,4,2023-01-06,66171524,NULL
986,1,1004,3,4,2023-01-06,66175029,NULL
987,1,1005,2,4,2023-01-06,66232088,NULL
988,1,1006,2,4,2023-01-06,66232891,NULL
989,1,1007,2,4,2023-01-06,66332822,NULL
990,1,1008,3,4,2023-01-06,66586086,NULL
991,1,1009,2,4,2023-01-06,66587499,NULL
992,6,1010,2,4,2023-01-06,66610197,NULL
993,2,1011,2,16,2023-01-06,53022201,NULL
994,2,1012,1,16,2023-01-06,60675223,NULL
995,2,1013,2,16,2023-01-06,62529191,NULL
996,2,1014,4,16,2023-01-06,64828973,NULL
997,2,1015,2,16,2023-01-06,64903670,NULL
998,2,1016,2,16,2023-01-06,64911068,NULL
999,2,1017,2,16,2023-01-06,65292334,NULL
1000,2,1018,2,16,2023-01-06,65352697,NULL
1001,2,1019,2,16,2023-01-06,65486624,NULL
1002,2,1020,2,16,2023-01-06,65712656,NULL
1003,2,1021,5,16,2023-01-06,65753287,NULL
